{
  "K": [
    [
      1308.254174242882, 
      0.0, 
      1078.6898590592798
    ], 
    [
      0.0, 
      1308.433877317323, 
      605.4590053474212
    ], 
    [
      0.0, 
      0.0, 
      1.0
    ]
  ], 
  "D": [
    [
      -0.06449781901278479
    ], 
    [
      -0.19814334611814863
    ], 
    [
      0.788172737976585
    ], 
    [
      -0.8670541076014965
    ]
  ]
}