{
  "K": [
    [
      1314.349027630578, 
      0.0, 
      980.5886130193539
    ], 
    [
      0.0, 
      1317.0390809071707, 
      503.9150863244117
    ], 
    [
      0.0, 
      0.0, 
      1.0
    ]
  ], 
  "D": [
    [
      -0.04246158633203636
    ], 
    [
      -0.2803048009662932
    ], 
    [
      0.6640109728436829
    ], 
    [
      0.08108109785068382
    ]
  ]
}