{
  "K": [
    [
      1296.3207261243729, 
      0.0, 
      984.5585475850799
    ], 
    [
      0.0, 
      1295.7543247949163, 
      559.3313536515739
    ], 
    [
      0.0, 
      0.0, 
      1.0
    ]
  ], 
  "D": [
    [
      -0.04723224335927426
    ], 
    [
      -0.11917517279087707
    ], 
    [
      0.15119736416568152
    ], 
    [
      -0.0418053290411321
    ]
  ]
}