{
  "K": [
    [
      1356.7087770604505, 
      0.0, 
      1066.1613325668543
    ], 
    [
      0.0, 
      1348.294456004556, 
      493.57442146240294
    ], 
    [
      0.0, 
      0.0, 
      1.0
    ]
  ], 
  "D": [
    [
      -0.058663038602839064
    ], 
    [
      0.06539721308193724
    ], 
    [
      -0.5833463767854046
    ], 
    [
      1.0105829129252424
    ]
  ]
}