{
  "K": [
    [
      1581.4713978260734, 
      0.0, 
      947.8653749250036
    ], 
    [
      0.0, 
      1578.8082110971968, 
      550.846809199237
    ], 
    [
      0.0, 
      0.0, 
      1.0
    ]
  ], 
  "D": [
    [
      0.28255024890886116
    ], 
    [
      -0.08280541520054342
    ], 
    [
      -0.08736836355317282
    ], 
    [
      2.3707712675013766
    ]
  ]
}