{
  "K": [
    [
      1308.648813371608, 
      0.0, 
      1036.5938198082729
    ], 
    [
      0.0, 
      1308.6305103138918, 
      514.6071809062086
    ], 
    [
      0.0, 
      0.0, 
      1.0
    ]
  ], 
  "D": [
    [
      -0.08961794018786565
    ], 
    [
      0.5312033016031541
    ], 
    [
      -2.986670471472904
    ], 
    [
      3.825165398458488
    ]
  ]
}