{
  "K": [
    [
      1261.6828779216678, 
      0.0, 
      961.401715598156
    ], 
    [
      0.0, 
      1260.803304345278, 
      483.7774482019829
    ], 
    [
      0.0, 
      0.0, 
      1.0
    ]
  ], 
  "D": [
    [
      -0.07574976714702412
    ], 
    [
      0.014705839177624865
    ], 
    [
      -0.05633597257789201
    ], 
    [
      0.046593336932494026
    ]
  ]
}