{
  "K": [
    [
      1295.897216924443, 
      0.0, 
      990.1960129106582
    ], 
    [
      0.0, 
      1294.9560210448265, 
      514.7441379764765
    ], 
    [
      0.0, 
      0.0, 
      1.0
    ]
  ], 
  "D": [
    [
      -0.08605628471735777
    ], 
    [
      0.12627003189825386
    ], 
    [
      -0.45020300469138325
    ], 
    [
      0.5403878955945368
    ]
  ]
}