{
  "K": [
    [
      1294.8832722799314, 
      0.0, 
      1013.3449834997666
    ], 
    [
      0.0, 
      1293.2855949168236, 
      542.596209718727
    ], 
    [
      0.0, 
      0.0, 
      1.0
    ]
  ], 
  "D": [
    [
      -0.04307332539045761
    ], 
    [
      -0.21819561938934473
    ], 
    [
      0.5877883985195762
    ], 
    [
      -0.5366464829981549
    ]
  ]
}