{
  "K": [
    [
      1303.356030000171, 
      0.0, 
      994.4403243092289
    ], 
    [
      0.0, 
      1302.4342174356814, 
      540.3693130401626
    ], 
    [
      0.0, 
      0.0, 
      1.0
    ]
  ], 
  "D": [
    [
      -0.07445188470225114
    ], 
    [
      0.04406270541701759
    ], 
    [
      -0.22176321469993732
    ], 
    [
      0.23984117543291797
    ]
  ]
}