{
  "K": [
    [
      1296.3988254177684, 
      0.0, 
      1007.8127996261219
    ], 
    [
      0.0, 
      1294.8658729439574, 
      535.7096011393204
    ], 
    [
      0.0, 
      0.0, 
      1.0
    ]
  ], 
  "D": [
    [
      0.1894580277895919
    ], 
    [
      -0.741096111538763
    ], 
    [
      3.5872494833254707
    ], 
    [
      -3.766279086404399
    ]
  ]
}